<?xml version="1.0" encoding="UTF-8"?>
<project-private xmlns="http://www.netbeans.org/ns/project-private/1">
    <editor-bookmarks xmlns="http://www.netbeans.org/ns/editor-bookmarks/2" lastBookmarkId="0"/>
    <open-files xmlns="http://www.netbeans.org/ns/projectui-open-files/2">
        <group>
            <file>file:/home/herrmann/NetBeansProjects/Sockets/Bikeshop2-servidor/src/model/UsuarioDao.java</file>
            <file>file:/home/herrmann/NetBeansProjects/Sockets/Bikeshop2-servidor/src/controller/TrataClienteController.java</file>
            <file>file:/home/herrmann/NetBeansProjects/Sockets/Bikeshop2-servidor/src/factory/Conector.java</file>
            <file>file:/home/herrmann/NetBeansProjects/Sockets/Bikeshop2-servidor/src/view/Principal.java</file>
        </group>
    </open-files>
</project-private>
